AcademiaZoo::EmailFirePostgresReadSlave,penguin
AcademiaZoo::PostgresMainMetricsReplica,sre
AcademiaZoo::Zookeeper,sre
AcademiaZoo::Logging,sre
AcademiaZoo::MentionsPostgres,panda
AcademiaZoo::MongoInternal,sre
AcademiaZoo::PostgresContactsBuddy,tiger
AcademiaZoo::Sensu,sre
AcademiaZoo::BotApp,sre
AcademiaZoo::JupyterServer,owl
AcademiaZoo::PostgresRingReadSlave,penguin
AcademiaZoo::PostgresMaster,sre
AcademiaZoo::Lb,sre
AcademiaZoo::Pgbouncer,sre
AcademiaZoo::SitemapStatsSidekiq,tiger
AcademiaZoo::ElasticsearchModelsHume,panda
AcademiaZoo::ScrapingSidekiq,tiger
AcademiaZoo::RingChooseTreatmentSidekiq,penguin
AcademiaZoo::MongoJobAdStats,dragon
AcademiaZoo::NotificationsSidekiq,tiger
AcademiaZoo::BibliographyPostgres,panda
AcademiaZoo::PostgresBibliographyBuddy,panda
AcademiaZoo::DigestSystemSidekiq,dragon
AcademiaZoo::Cron,sre
AcademiaZoo::PremiumSystemSidekiq,penguin
AcademiaZoo::AttentionPgpool,panda
AcademiaZoo::MentionsExperimentSidekiq,panda
AcademiaZoo::MongoCombined,sre
AcademiaZoo::ScribdEventsSidekiq,panda
AcademiaZoo::PostgresEmailBuddy,penguin
AcademiaZoo::ContactsPostgres,tiger
AcademiaZoo::RedisEmailRing,penguin
AcademiaZoo::ElasticsearchPeople,panda
AcademiaZoo::AttentionPostgresReadSlave,panda
AcademiaZoo::EmailsSidekiq,penguin
AcademiaZoo::Neo4jArbiter,tiger
AcademiaZoo::MongoHitsWarehouse,owl
AcademiaZoo::SlonyReplicator,sre
AcademiaZoo::MentionsEmailsSidekiq,panda
AcademiaZoo::RelatedResearchInterestsSidekiq,dragon
AcademiaZoo::EmailServiceWeb,tiger
AcademiaZoo::ElasticsearchFullTextMasterEligible,panda
AcademiaZoo::SidekiqA,tiger
AcademiaZoo::ElasticsearchFullTextEuclidApp,panda
AcademiaZoo::Neo4j,tiger
AcademiaZoo::TinyXenialTestMachine,sre
AcademiaZoo::TinyTestMachine,sre
AcademiaZoo::ElasticsearchFullTextSidekiq,panda
AcademiaZoo::SavedSearchSidekiq,panda
AcademiaZoo::Kafka,tiger
AcademiaZoo::RedisPersistent,sre
AcademiaZoo::MentionsBackgroundSidekiq,panda
AcademiaZoo::ServerManagement,sre
AcademiaZoo::ElasticsearchMonitoringHeimdall,panda
AcademiaZoo::MongoWriteSidekiq,dragon
AcademiaZoo::ElasticApmLoadBalancer,sre
AcademiaZoo::ChooseEncoreSidekiq,penguin
AcademiaZoo::ReadersCachingSidekiq,panda
AcademiaZoo::UploadParser,dragon
AcademiaZoo::ServerManagementWorker,sre
AcademiaZoo::PremiumSendEmailsSidekiq,penguin
AcademiaZoo::RedisSplit,sre
AcademiaZoo::PaymentHistoriesSidekiq,owl
AcademiaZoo::NewsSidekiq,dragon
AcademiaZoo::SidekiqB,panda
AcademiaZoo::AppRailsNext,sre
AcademiaZoo::BibliographyPostgresReadSlave,panda
AcademiaZoo::Memcached,sre
AcademiaZoo::ElasticsearchCrossref,panda
AcademiaZoo::MentionsSendEmailsSidekiq,panda
AcademiaZoo::Pgpool,sre
AcademiaZoo::PostgresMentionsBuddy,panda
AcademiaZoo::PostgresNewsBuddy,dragon
AcademiaZoo::LoadTester,sre
AcademiaZoo::SlickStatsHitSidekiq,panda
AcademiaZoo::RedisSemiPersistent,sre
AcademiaZoo::ElasticsearchFullTextEuclid,panda
AcademiaZoo::ElasticsearchFullTextData,panda
AcademiaZoo::AttachmentConversionSidekiq,dragon
AcademiaZoo::PostgresMainBuddy,sre
AcademiaZoo::BackgroundWriteSidekiq,panda
AcademiaZoo::SidekiqCombined,sre
AcademiaZoo::HighMemorySidekiq,tiger
AcademiaZoo::EmailPostgres,penguin
AcademiaZoo::MentionsPercolatorSidekiq,panda
AcademiaZoo::EmailFireShelterPostgres,penguin
AcademiaZoo::RedisTransient,sre
AcademiaZoo::AttentionPostgres,panda
AcademiaZoo::ElasticsearchModels,sre
AcademiaZoo::RedisDigest,dragon
AcademiaZoo::MentionsNotificationsSidekiq,panda
AcademiaZoo::RingSendEmailsSidekiq,penguin
AcademiaZoo::NewsPostgres,dragon
AcademiaZoo::RedisQueues,sre
AcademiaZoo::DailyDigestSidekiq,tiger
AcademiaZoo::ElasticsearchAdvanced,panda
AcademiaZoo::PostgresAppReadSlave,sre
AcademiaZoo::NewsPostgresReadSlave,dragon
AcademiaZoo::Worker,sre
AcademiaZoo::PostgresWorkerReadSlave,sre
AcademiaZoo::DigestEmailSidekiq,dragon
AcademiaZoo::PostgresNotificationsBuddy,tiger
AcademiaZoo::ElasticsearchHits,sre
AcademiaZoo::EmailService,tiger
AcademiaZoo::ElasticsearchFullTextKibanaMarvel,panda
AcademiaZoo::MentionsPostgresReadSlave,panda
AcademiaZoo::SendDailyDigestSidekiq,tiger
AcademiaZoo::MongoRecordKepper,sre
AcademiaZoo::Deploy,sre
AcademiaZoo::App,sre
AcademiaZoo::NotificationsPostgres,tiger
AcademiaZoo::RDataAnalysis,owl
AcademiaZoo::ElasticsearchHeimdallIngest,panda
AcademiaZoo::SendEmailsSidekiq,penguin
AcademiaZoo::ElasticsearchBibliography,panda
AcademiaZoo::ElasticsearchPercolatorGaussMedium,panda
AcademiaZoo::SentrySidekiq,sre
AcademiaZoo::PostgresAttentionBuddy,panda
AcademiaZoo::SidekiqC,tiger
